SET SQL_MODE = "NO_AUTO_VALUE_ON_ZERO";
SET time_zone = "+00:00";

DROP TABLE IF EXISTS Inspection, Technician, Piano, Model;

--
-- Table structure for table `Inspection`
--

CREATE TABLE `Inspection` (
  `InspectionID` int(11) NOT NULL,
  `Grade` char(1) NOT NULL,
  `Date` date NOT NULL,
  `Technician_EmployeeID` int(11) NOT NULL,
  `Piano_SerialNo` int(11) NOT NULL
) ENGINE=InnoDB DEFAULT CHARSET=utf8mb4;

--
-- Dumping data for table `Inspection`
--

INSERT INTO `Inspection` (`InspectionID`, `Grade`, `Date`, `Technician_EmployeeID`, `Piano_SerialNo`) VALUES
(500, 'B', '2017-10-06', 1013, 420001),
(501, 'F', '2016-11-02', 1000, 420002),
(502, 'B', '2019-08-16', 1003, 420003),
(503, 'D', '2020-05-12', 1011, 420004),
(504, 'A', '2019-06-22', 1013, 420005),
(505, 'B', '2016-04-05', 1007, 420006),
(506, 'C', '2016-12-22', 1012, 420007),
(507, 'C', '2017-06-20', 1014, 420008),
(508, 'A', '2017-03-03', 1000, 420009),
(509, 'F', '2019-03-14', 1017, 420010),
(510, 'F', '2017-10-31', 1009, 420011),
(511, 'F', '2018-11-21', 1009, 420012),
(512, 'A', '2020-11-25', 1015, 420013),
(513, 'F', '2015-07-07', 1005, 420014),
(514, 'B', '2018-11-09', 1018, 420015),
(515, 'F', '2015-10-01', 1005, 420016),
(516, 'B', '2018-11-13', 1012, 420017),
(517, 'C', '2016-07-20', 1001, 420018),
(518, 'C', '2018-03-06', 1003, 420019),
(519, 'B', '2017-03-05', 1001, 420020),
(520, 'F', '2018-02-10', 1002, 420021),
(521, 'C', '2019-10-19', 1001, 420022),
(522, 'F', '2016-02-23', 1002, 420023),
(523, 'D', '2018-07-12', 1019, 420024),
(524, 'A', '2016-11-24', 1013, 420025),
(525, 'C', '2020-03-09', 1011, 420026),
(526, 'F', '2015-08-20', 1002, 420027),
(527, 'A', '2016-01-27', 1013, 420028),
(528, 'B', '2016-03-17', 1000, 420029),
(529, 'A', '2018-08-17', 1010, 420030),
(530, 'B', '2015-06-29', 1012, 420031),
(531, 'D', '2017-05-05', 1003, 420032),
(532, 'F', '2020-08-29', 1012, 420033),
(533, 'F', '2019-05-24', 1012, 420034),
(534, 'D', '2016-11-18', 1015, 420035),
(535, 'F', '2015-12-02', 1010, 420036),
(536, 'F', '2018-06-16', 1004, 420037),
(537, 'B', '2020-12-08', 1018, 420038),
(538, 'A', '2019-08-05', 1019, 420039),
(539, 'D', '2015-12-26', 1001, 420040),
(540, 'A', '2018-12-29', 1002, 420041),
(541, 'B', '2018-02-06', 1004, 420042),
(542, 'A', '2015-10-15', 1005, 420043),
(543, 'C', '2020-01-06', 1006, 420044),
(544, 'C', '2020-09-25', 1000, 420045),
(545, 'C', '2016-09-20', 1004, 420046),
(546, 'B', '2020-03-03', 1019, 420047),
(547, 'F', '2020-06-27', 1005, 420048),
(548, 'F', '2018-01-18', 1019, 420049),
(549, 'B', '2015-08-18', 1001, 420050),
(550, 'F', '2020-12-23', 1001, 420051),
(551, 'C', '2017-03-14', 1015, 420052),
(552, 'C', '2015-05-06', 1010, 420053),
(553, 'F', '2017-04-30', 1012, 420054),
(554, 'C', '2015-12-31', 1004, 420055),
(555, 'A', '2015-10-29', 1017, 420056),
(556, 'A', '2015-10-08', 1014, 420057),
(557, 'D', '2018-12-08', 1004, 420058),
(558, 'A', '2017-01-19', 1003, 420059),
(559, 'C', '2016-09-09', 1010, 420060),
(560, 'C', '2020-06-11', 1011, 420061),
(561, 'D', '2017-06-26', 1013, 420062),
(562, 'A', '2019-04-15', 1007, 420063),
(563, 'D', '2015-03-12', 1019, 420064),
(564, 'B', '2015-06-07', 1018, 420065),
(565, 'F', '2018-03-31', 1017, 420066),
(566, 'F', '2020-02-09', 1009, 420067),
(567, 'A', '2020-05-03', 1004, 420068),
(568, 'C', '2020-01-05', 1012, 420069),
(569, 'B', '2020-01-17', 1007, 420070),
(570, 'D', '2017-11-27', 1009, 420071),
(571, 'C', '2018-11-15', 1004, 420072),
(572, 'A', '2018-01-21', 1004, 420073),
(573, 'C', '2018-05-30', 1013, 420074),
(574, 'B', '2015-02-14', 1019, 420075),
(575, 'D', '2016-10-31', 1006, 420076),
(576, 'F', '2020-06-09', 1019, 420077),
(577, 'C', '2015-02-18', 1019, 420078),
(578, 'B', '2020-08-12', 1018, 420079),
(579, 'C', '2017-11-25', 1015, 420080),
(580, 'B', '2018-06-04', 1013, 420081),
(581, 'B', '2020-10-07', 1000, 420082),
(582, 'F', '2018-05-05', 1008, 420083),
(583, 'D', '2018-05-23', 1014, 420084),
(584, 'F', '2017-06-28', 1018, 420085),
(585, 'D', '2017-07-29', 1008, 420086),
(586, 'B', '2020-06-24', 1012, 420087),
(587, 'D', '2016-11-01', 1002, 420088),
(588, 'F', '2017-01-17', 1012, 420089),
(589, 'F', '2015-08-18', 1017, 420090),
(590, 'D', '2015-09-29', 1005, 420091),
(591, 'B', '2017-01-10', 1006, 420092),
(592, 'A', '2017-04-16', 1019, 420093),
(593, 'D', '2018-01-09', 1018, 420094),
(594, 'B', '2017-03-15', 1014, 420095),
(595, 'C', '2019-12-17', 1006, 420096),
(596, 'D', '2017-05-01', 1009, 420097),
(597, 'F', '2018-06-20', 1011, 420098),
(598, 'D', '2019-03-22', 1018, 420099),
(599, 'D', '2016-06-19', 1006, 420100),
(600, 'B', '2017-04-07', 1003, 420101),
(601, 'C', '2015-07-04', 1011, 420102),
(602, 'B', '2020-02-27', 1004, 420103),
(603, 'F', '2019-05-06', 1010, 420104),
(604, 'F', '2020-02-19', 1012, 420105),
(605, 'B', '2016-07-14', 1008, 420106),
(606, 'B', '2018-03-05', 1013, 420107),
(607, 'D', '2020-09-26', 1012, 420108),
(608, 'B', '2018-04-27', 1017, 420109),
(609, 'F', '2015-11-18', 1001, 420110),
(610, 'D', '2020-07-23', 1003, 420111),
(611, 'A', '2019-10-16', 1007, 420112),
(612, 'F', '2018-08-23', 1014, 420113),
(613, 'F', '2017-10-02', 1017, 420114),
(614, 'C', '2018-03-14', 1010, 420115),
(615, 'B', '2016-10-31', 1015, 420116),
(616, 'C', '2017-05-16', 1017, 420117),
(617, 'D', '2017-05-31', 1019, 420118),
(618, 'C', '2015-08-27', 1002, 420119),
(619, 'D', '2015-12-19', 1002, 420120),
(620, 'A', '2018-07-11', 1010, 420121),
(621, 'D', '2019-08-31', 1000, 420122),
(622, 'C', '2019-08-11', 1003, 420123),
(623, 'C', '2020-10-06', 1016, 420124),
(624, 'B', '2016-08-04', 1016, 420125),
(625, 'C', '2016-08-31', 1018, 420126),
(626, 'D', '2016-08-08', 1002, 420127),
(627, 'C', '2015-12-22', 1005, 420128),
(628, 'A', '2020-02-10', 1001, 420129),
(629, 'C', '2020-05-31', 1013, 420130),
(630, 'F', '2015-10-07', 1018, 420131),
(631, 'C', '2017-02-16', 1012, 420132),
(632, 'C', '2015-09-27', 1004, 420133),
(633, 'D', '2020-07-21', 1014, 420134),
(634, 'F', '2016-12-30', 1007, 420135),
(635, 'A', '2017-03-16', 1015, 420136),
(636, 'C', '2017-05-15', 1016, 420137),
(637, 'A', '2018-12-20', 1012, 420138),
(638, 'B', '2017-08-18', 1018, 420139),
(639, 'B', '2016-02-16', 1003, 420140),
(640, 'C', '2019-08-06', 1016, 420141),
(641, 'C', '2021-01-15', 1015, 420142),
(642, 'B', '2015-03-03', 1018, 420143),
(643, 'A', '2018-08-21', 1004, 420144),
(644, 'D', '2017-04-11', 1005, 420145),
(645, 'C', '2018-08-03', 1019, 420146),
(646, 'D', '2017-01-24', 1004, 420147),
(647, 'F', '2016-06-09', 1009, 420148),
(648, 'A', '2017-10-12', 1007, 420149),
(649, 'F', '2018-01-22', 1008, 420150),
(650, 'B', '2015-01-11', 1018, 420151),
(651, 'A', '2017-05-18', 1009, 420152),
(652, 'C', '2019-11-26', 1007, 420153),
(653, 'D', '2018-01-31', 1014, 420154),
(654, 'D', '2015-03-07', 1015, 420155),
(655, 'B', '2016-04-13', 1004, 420156),
(656, 'A', '2019-06-03', 1004, 420157),
(657, 'B', '2015-11-05', 1005, 420158),
(658, 'C', '2019-08-27', 1006, 420159),
(659, 'F', '2019-12-12', 1000, 420160),
(660, 'B', '2015-03-02', 1017, 420161),
(661, 'B', '2016-09-26', 1012, 420162),
(662, 'C', '2016-06-18', 1007, 420163),
(663, 'A', '2018-01-10', 1006, 420164),
(664, 'C', '2018-11-15', 1012, 420165),
(665, 'B', '2020-09-19', 1018, 420166),
(666, 'F', '2016-05-16', 1004, 420167),
(667, 'A', '2015-10-13', 1017, 420168),
(668, 'F', '2020-10-03', 1019, 420169),
(669, 'C', '2019-03-15', 1000, 420170),
(670, 'C', '2020-09-24', 1016, 420171),
(671, 'A', '2019-06-03', 1012, 420172),
(672, 'A', '2019-06-22', 1000, 420173),
(673, 'A', '2016-03-02', 1016, 420174),
(674, 'C', '2020-03-03', 1003, 420175),
(675, 'F', '2020-08-01', 1001, 420176),
(676, 'C', '2015-07-12', 1002, 420177),
(677, 'F', '2019-05-20', 1003, 420178),
(678, 'B', '2017-10-30', 1008, 420179),
(679, 'D', '2018-07-16', 1004, 420180),
(680, 'B', '2018-05-31', 1012, 420181),
(681, 'B', '2018-10-16', 1007, 420182),
(682, 'D', '2016-01-09', 1015, 420183),
(683, 'D', '2015-11-11', 1013, 420184),
(684, 'C', '2019-06-03', 1007, 420185),
(685, 'C', '2017-07-02', 1006, 420186),
(686, 'D', '2015-07-13', 1002, 420187),
(687, 'C', '2016-04-19', 1010, 420188),
(688, 'A', '2018-12-02', 1010, 420189),
(689, 'C', '2015-03-26', 1015, 420190),
(690, 'B', '2019-12-22', 1008, 420191),
(691, 'B', '2018-10-05', 1009, 420192),
(692, 'B', '2016-03-23', 1000, 420193),
(693, 'B', '2016-07-25', 1014, 420194),
(694, 'A', '2015-01-13', 1011, 420195),
(695, 'D', '2019-12-07', 1008, 420196),
(696, 'C', '2018-01-06', 1002, 420197),
(697, 'F', '2019-02-13', 1002, 420198),
(698, 'D', '2015-06-17', 1014, 420199),
(699, 'F', '2015-02-04', 1006, 420200),
(700, 'B', '2017-05-12', 1016, 420201),
(701, 'D', '2017-05-20', 1002, 420202),
(702, 'A', '2020-01-08', 1016, 420203),
(703, 'D', '2015-10-10', 1005, 420204),
(704, 'C', '2020-10-31', 1010, 420205),
(705, 'C', '2016-12-13', 1007, 420206),
(706, 'C', '2017-07-22', 1013, 420207),
(707, 'B', '2018-08-28', 1003, 420208),
(708, 'D', '2018-09-30', 1014, 420209),
(709, 'A', '2017-09-25', 1008, 420210),
(710, 'F', '2015-12-24', 1001, 420211),
(711, 'D', '2018-08-29', 1016, 420212),
(712, 'F', '2016-12-02', 1012, 420213),
(713, 'D', '2015-02-17', 1019, 420214),
(714, 'C', '2015-05-18', 1002, 420215),
(715, 'C', '2019-02-11', 1000, 420216),
(716, 'B', '2018-01-31', 1016, 420217),
(717, 'A', '2016-10-08', 1019, 420218),
(718, 'B', '2019-10-21', 1004, 420219),
(719, 'F', '2019-12-30', 1012, 420220),
(720, 'F', '2019-04-07', 1011, 420221),
(721, 'A', '2018-06-03', 1019, 420222),
(722, 'D', '2018-12-03', 1019, 420223),
(723, 'A', '2020-11-30', 1013, 420224),
(724, 'A', '2017-12-22', 1008, 420225),
(725, 'D', '2020-04-23', 1006, 420226),
(726, 'F', '2019-04-20', 1006, 420227),
(727, 'A', '2018-07-10', 1003, 420228),
(728, 'F', '2020-04-27', 1000, 420229),
(729, 'F', '2019-01-27', 1016, 420230),
(730, 'C', '2016-12-28', 1004, 420231),
(731, 'A', '2016-03-23', 1002, 420232),
(732, 'D', '2015-10-12', 1017, 420233),
(733, 'B', '2018-10-28', 1012, 420234),
(734, 'C', '2020-01-21', 1002, 420235),
(735, 'A', '2017-06-24', 1012, 420236),
(736, 'A', '2018-05-16', 1005, 420237),
(737, 'A', '2019-03-05', 1003, 420238),
(738, 'A', '2020-06-10', 1009, 420239),
(739, 'F', '2015-02-17', 1002, 420240),
(740, 'B', '2017-12-04', 1007, 420241),
(741, 'B', '2016-07-05', 1018, 420242),
(742, 'A', '2017-10-06', 1001, 420001),
(743, 'C', '2016-11-02', 1005, 420002),
(744, 'C', '2019-08-15', 1005, 420003),
(745, 'D', '2020-05-13', 1018, 420004),
(746, 'B', '2019-06-26', 1014, 420005),
(747, 'D', '2016-04-08', 1003, 420006),
(748, 'C', '2016-12-23', 1007, 420007),
(749, 'A', '2017-06-21', 1018, 420008),
(750, 'C', '2017-03-04', 1010, 420009),
(751, 'B', '2019-03-11', 1010, 420010),
(752, 'F', '2017-10-30', 1008, 420011),
(753, 'B', '2018-11-20', 1002, 420012),
(754, 'C', '2020-11-28', 1015, 420013),
(755, 'C', '2015-07-04', 1002, 420014),
(756, 'A', '2018-11-10', 1014, 420015),
(757, 'D', '2015-09-30', 1013, 420016),
(758, 'C', '2018-11-13', 1006, 420017),
(759, 'A', '2016-07-22', 1011, 420018),
(760, 'D', '2018-03-04', 1006, 420019),
(761, 'A', '2017-03-07', 1009, 420020),
(762, 'C', '2018-02-11', 1001, 420021),
(763, 'F', '2019-10-20', 1019, 420022),
(764, 'D', '2016-02-19', 1008, 420023),
(765, 'D', '2018-07-09', 1005, 420024),
(766, 'F', '2016-11-20', 1010, 420025),
(767, 'A', '2020-03-07', 1000, 420026),
(768, 'A', '2015-08-23', 1007, 420027),
(769, 'D', '2016-01-29', 1002, 420028),
(770, 'F', '2016-03-14', 1007, 420029),
(771, 'D', '2018-08-17', 1005, 420030),
(772, 'C', '2015-06-29', 1015, 420031),
(773, 'F', '2017-05-05', 1004, 420032),
(774, 'A', '2020-08-28', 1007, 420033),
(775, 'B', '2019-05-24', 1013, 420034),
(776, 'A', '2016-11-17', 1009, 420035),
(777, 'F', '2015-11-29', 1004, 420036),
(778, 'B', '2018-06-13', 1017, 420037),
(779, 'C', '2020-12-09', 1002, 420038),
(780, 'A', '2019-08-02', 1016, 420039),
(781, 'C', '2015-12-26', 1001, 420040),
(782, 'A', '2019-01-01', 1014, 420041),
(783, 'F', '2018-02-05', 1001, 420042),
(784, 'F', '2015-10-14', 1019, 420043),
(785, 'C', '2020-01-08', 1010, 420044),
(786, 'B', '2020-09-23', 1008, 420045),
(787, 'B', '2016-09-21', 1018, 420046),
(788, 'D', '2020-03-06', 1001, 420047),
(789, 'C', '2020-06-29', 1003, 420048),
(790, 'C', '2018-01-19', 1017, 420049),
(791, 'D', '2015-08-19', 1016, 420050),
(792, 'D', '2020-12-24', 1011, 420051),
(793, 'F', '2017-03-14', 1013, 420052),
(794, 'F', '2015-05-06', 1006, 420053),
(795, 'D', '2017-04-30', 1008, 420054),
(796, 'C', '2015-12-31', 1000, 420055),
(797, 'F', '2015-10-29', 1010, 420056),
(798, 'A', '2015-10-12', 1011, 420057),
(799, 'B', '2018-12-10', 1009, 420058),
(800, 'B', '2017-01-20', 1010, 420059),
(801, 'D', '2016-09-11', 1017, 420060),
(802, 'D', '2020-06-12', 1012, 420061),
(803, 'A', '2017-06-29', 1002, 420062),
(804, 'A', '2019-04-16', 1019, 420063),
(805, 'C', '2015-03-11', 1018, 420064),
(806, 'B', '2015-06-06', 1014, 420065),
(807, 'A', '2018-04-02', 1010, 420066),
(808, 'C', '2020-02-12', 1000, 420067),
(809, 'C', '2020-05-05', 1013, 420068),
(810, 'F', '2020-01-05', 1010, 420069),
(811, 'B', '2020-01-17', 1004, 420070),
(812, 'D', '2017-11-26', 1003, 420071),
(813, 'F', '2018-11-17', 1000, 420072),
(814, 'A', '2018-01-22', 1019, 420073),
(815, 'D', '2018-05-27', 1000, 420074),
(816, 'F', '2015-02-15', 1003, 420075),
(817, 'C', '2016-10-30', 1017, 420076),
(818, 'D', '2020-06-05', 1011, 420077),
(819, 'B', '2015-02-18', 1018, 420078),
(820, 'D', '2020-08-11', 1000, 420079),
(821, 'F', '2017-11-25', 1010, 420080),
(822, 'F', '2018-06-01', 1010, 420081),
(823, 'D', '2020-10-07', 1006, 420082),
(824, 'D', '2018-05-07', 1006, 420083),
(825, 'C', '2018-05-19', 1015, 420084),
(826, 'A', '2017-06-28', 1007, 420085),
(827, 'D', '2017-08-01', 1015, 420086),
(828, 'D', '2020-06-27', 1016, 420087),
(829, 'C', '2016-11-01', 1010, 420088),
(830, 'F', '2017-01-19', 1005, 420089),
(831, 'B', '2015-08-22', 1016, 420090),
(832, 'D', '2015-09-28', 1012, 420091),
(833, 'D', '2017-01-07', 1008, 420092),
(834, 'D', '2017-04-18', 1015, 420093),
(835, 'C', '2018-01-09', 1017, 420094),
(836, 'D', '2017-03-15', 1019, 420095),
(837, 'B', '2019-12-17', 1007, 420096),
(838, 'F', '2017-04-27', 1003, 420097),
(839, 'B', '2018-06-21', 1006, 420098),
(840, 'F', '2019-03-21', 1010, 420099),
(841, 'C', '2016-06-20', 1010, 420100),
(842, 'A', '2017-04-05', 1006, 420101),
(843, 'B', '2015-07-03', 1011, 420102),
(844, 'F', '2020-02-27', 1011, 420103),
(845, 'C', '2019-05-08', 1013, 420104),
(846, 'A', '2020-02-19', 1004, 420105),
(847, 'A', '2016-07-16', 1000, 420106),
(848, 'D', '2018-03-06', 1003, 420107),
(849, 'B', '2020-09-23', 1017, 420108),
(850, 'B', '2018-04-25', 1015, 420109),
(851, 'A', '2015-11-18', 1010, 420110),
(852, 'B', '2020-07-23', 1009, 420111),
(853, 'F', '2019-10-14', 1002, 420112),
(854, 'F', '2018-08-22', 1009, 420113),
(855, 'B', '2017-10-03', 1013, 420114),
(856, 'C', '2018-03-18', 1010, 420115),
(857, 'B', '2016-10-27', 1016, 420116),
(858, 'D', '2017-05-15', 1010, 420117),
(859, 'A', '2017-05-28', 1006, 420118),
(860, 'D', '2015-08-27', 1008, 420119),
(861, 'F', '2015-12-21', 1006, 420120),
(862, 'D', '2018-07-13', 1010, 420121),
(863, 'F', '2019-08-29', 1012, 420122),
(864, 'A', '2019-08-10', 1005, 420123),
(865, 'A', '2020-10-04', 1001, 420124),
(866, 'B', '2016-08-05', 1016, 420125),
(867, 'A', '2016-08-28', 1000, 420126),
(868, 'F', '2016-08-08', 1011, 420127),
(869, 'C', '2015-12-20', 1000, 420128),
(870, 'D', '2020-02-11', 1018, 420129),
(871, 'F', '2020-06-01', 1016, 420130),
(872, 'D', '2015-10-05', 1002, 420131),
(873, 'F', '2017-02-18', 1012, 420132),
(874, 'B', '2015-09-29', 1003, 420133),
(875, 'A', '2020-07-22', 1012, 420134),
(876, 'D', '2016-12-28', 1014, 420135),
(877, 'A', '2017-03-15', 1004, 420136),
(878, 'F', '2017-05-14', 1013, 420137),
(879, 'A', '2018-12-21', 1015, 420138),
(880, 'A', '2017-08-19', 1003, 420139),
(881, 'B', '2016-02-13', 1007, 420140),
(882, 'F', '2019-08-04', 1009, 420141),
(883, 'A', '2021-01-16', 1012, 420142),
(884, 'A', '2015-03-02', 1005, 420143),
(885, 'A', '2018-08-18', 1001, 420144),
(886, 'F', '2017-04-09', 1012, 420145),
(887, 'B', '2018-08-02', 1007, 420146),
(888, 'F', '2017-01-28', 1010, 420147),
(889, 'D', '2016-06-08', 1016, 420148),
(890, 'A', '2017-10-13', 1004, 420149),
(891, 'C', '2018-01-23', 1006, 420150),
(892, 'A', '2015-01-13', 1006, 420151),
(893, 'A', '2017-05-19', 1015, 420152),
(894, 'C', '2019-11-27', 1011, 420153),
(895, 'F', '2018-01-29', 1008, 420154),
(896, 'F', '2015-03-06', 1002, 420155),
(897, 'A', '2016-04-13', 1008, 420156),
(898, 'B', '2019-06-05', 1014, 420157),
(899, 'B', '2015-11-03', 1018, 420158),
(900, 'B', '2019-08-24', 1019, 420159),
(901, 'F', '2019-12-13', 1010, 420160),
(902, 'A', '2015-03-04', 1000, 420161),
(903, 'D', '2016-09-25', 1005, 420162),
(904, 'C', '2016-06-16', 1012, 420163),
(905, 'C', '2018-01-08', 1005, 420164),
(906, 'B', '2018-11-15', 1000, 420165),
(907, 'C', '2020-09-18', 1019, 420166),
(908, 'B', '2016-05-15', 1014, 420167),
(909, 'A', '2015-10-14', 1019, 420168),
(910, 'A', '2020-10-06', 1009, 420169),
(911, 'F', '2019-03-13', 1003, 420170),
(912, 'A', '2020-09-26', 1017, 420171),
(913, 'F', '2019-06-03', 1008, 420172),
(914, 'F', '2019-06-20', 1007, 420173),
(915, 'B', '2016-03-02', 1006, 420174),
(916, 'F', '2020-02-28', 1007, 420175),
(917, 'F', '2020-07-29', 1008, 420176),
(918, 'A', '2015-07-11', 1012, 420177),
(919, 'A', '2019-05-19', 1001, 420178),
(920, 'B', '2017-10-29', 1007, 420179),
(921, 'D', '2018-07-15', 1012, 420180),
(922, 'B', '2018-05-27', 1016, 420181),
(923, 'D', '2018-10-14', 1017, 420182),
(924, 'C', '2016-01-10', 1001, 420183),
(925, 'C', '2015-11-14', 1001, 420184),
(926, 'A', '2019-06-06', 1012, 420185),
(927, 'F', '2017-07-02', 1000, 420186),
(928, 'D', '2015-07-16', 1013, 420187),
(929, 'B', '2016-04-21', 1004, 420188),
(930, 'B', '2018-12-05', 1019, 420189),
(931, 'A', '2015-03-25', 1012, 420190),
(932, 'C', '2019-12-21', 1002, 420191),
(933, 'A', '2018-10-05', 1019, 420192),
(934, 'A', '2016-03-20', 1008, 420193),
(935, 'A', '2016-07-25', 1016, 420194),
(936, 'D', '2015-01-09', 1007, 420195),
(937, 'F', '2019-12-06', 1017, 420196),
(938, 'A', '2018-01-06', 1016, 420197),
(939, 'D', '2019-02-13', 1012, 420198),
(940, 'A', '2015-06-17', 1001, 420199),
(941, 'C', '2015-02-07', 1005, 420200),
(942, 'C', '2017-05-15', 1017, 420201),
(943, 'B', '2017-05-21', 1007, 420202),
(944, 'F', '2020-01-06', 1019, 420203),
(945, 'A', '2015-10-11', 1001, 420204),
(946, 'D', '2020-10-31', 1003, 420205),
(947, 'B', '2016-12-11', 1008, 420206),
(948, 'B', '2017-07-23', 1018, 420207),
(949, 'D', '2018-08-30', 1010, 420208),
(950, 'A', '2018-10-04', 1003, 420209),
(951, 'A', '2017-09-26', 1017, 420210),
(952, 'B', '2015-12-24', 1000, 420211),
(953, 'A', '2018-08-27', 1003, 420212),
(954, 'D', '2016-12-03', 1013, 420213),
(955, 'D', '2015-02-14', 1004, 420214),
(956, 'C', '2015-05-18', 1004, 420215),
(957, 'B', '2019-02-10', 1006, 420216),
(958, 'F', '2018-02-02', 1011, 420217),
(959, 'C', '2016-10-09', 1007, 420218),
(960, 'D', '2019-10-23', 1005, 420219),
(961, 'B', '2019-12-31', 1000, 420220),
(962, 'C', '2019-04-09', 1019, 420221),
(963, 'C', '2018-06-03', 1010, 420222),
(964, 'F', '2018-12-02', 1017, 420223),
(965, 'D', '2020-11-28', 1002, 420224),
(966, 'A', '2017-12-18', 1008, 420225),
(967, 'A', '2020-04-21', 1007, 420226),
(968, 'D', '2019-04-18', 1019, 420227),
(969, 'D', '2018-07-12', 1000, 420228),
(970, 'A', '2020-04-28', 1009, 420229),
(971, 'D', '2019-01-28', 1019, 420230),
(972, 'C', '2016-12-27', 1018, 420231),
(973, 'B', '2016-03-26', 1001, 420232),
(974, 'B', '2015-10-12', 1015, 420233),
(975, 'F', '2018-11-01', 1012, 420234),
(976, 'D', '2020-01-21', 1014, 420235),
(977, 'A', '2017-06-24', 1005, 420236),
(978, 'A', '2018-05-17', 1014, 420237),
(979, 'D', '2019-03-05', 1015, 420238),
(980, 'B', '2020-06-09', 1017, 420239),
(981, 'B', '2015-02-17', 1013, 420240),
(982, 'B', '2017-11-30', 1008, 420241),
(983, 'D', '2016-07-07', 1013, 420242);

-- --------------------------------------------------------

--
-- Table structure for table `Model`
--

CREATE TABLE `Model` (
  `ModelID` int(11) NOT NULL,
  `Name` varchar(45) NOT NULL,
  `Designer` varchar(45) NOT NULL
) ENGINE=InnoDB DEFAULT CHARSET=utf8mb4;

--
-- Dumping data for table `Model`
--

INSERT INTO `Model` (`ModelID`, `Name`, `Designer`) VALUES
(1001, 'Bösendorfer', 'Ignaz Bösendorfer'),
(1002, 'Fazioli', 'Paolo Fazioli'),
(1003, 'Bechstein', 'Carl Bechstein'),
(1004, 'Stuart & Sons', 'Wayne Stuart'),
(1005, 'Mason & Hamlin', 'Henry Mason'),
(1006, 'Walter', 'Charles R. Walter'),
(1007, 'Kawai', 'Koichi Kawai'),
(1008, 'Yamaha', 'Torakusu Yamaha'),
(1009, 'Baldwin', 'Dwight Hamilton'),
(1010, 'Steinway & Sons', 'Henry Steinway');

-- --------------------------------------------------------

--
-- Table structure for table `Piano`
--

CREATE TABLE `Piano` (
  `SerialNo` int(11) NOT NULL,
  `MfgDate` date NOT NULL,
  `Model_ModelID` int(11) NOT NULL
) ENGINE=InnoDB DEFAULT CHARSET=utf8mb4;

--
-- Dumping data for table `Piano`
--

INSERT INTO `Piano` (`SerialNo`, `MfgDate`, `Model_ModelID`) VALUES
(420001, '2018-03-11', 1001),
(420002, '2015-05-31', 1001),
(420003, '2020-12-27', 1003),
(420004, '2018-04-07', 1004),
(420005, '2016-01-28', 1010),
(420006, '2015-08-16', 1004),
(420007, '2016-03-21', 1006),
(420008, '2018-09-13', 1004),
(420009, '2015-07-21', 1005),
(420010, '2016-04-06', 1001),
(420011, '2017-01-13', 1009),
(420012, '2019-05-01', 1003),
(420013, '2020-06-09', 1001),
(420014, '2017-12-30', 1006),
(420015, '2017-09-13', 1008),
(420016, '2015-02-12', 1006),
(420017, '2020-04-15', 1007),
(420018, '2020-10-14', 1005),
(420019, '2015-11-21', 1001),
(420020, '2019-03-05', 1004),
(420021, '2015-02-21', 1009),
(420022, '2020-09-26', 1004),
(420023, '2017-06-01', 1005),
(420024, '2016-08-06', 1007),
(420025, '2019-04-27', 1002),
(420026, '2016-02-01', 1001),
(420027, '2015-03-26', 1009),
(420028, '2015-02-11', 1009),
(420029, '2017-11-04', 1008),
(420030, '2017-07-17', 1007),
(420031, '2017-01-25', 1010),
(420032, '2015-04-28', 1010),
(420033, '2016-01-18', 1009),
(420034, '2016-04-16', 1002),
(420035, '2016-07-05', 1006),
(420036, '2020-11-19', 1002),
(420037, '2015-03-10', 1008),
(420038, '2019-08-27', 1009),
(420039, '2019-07-18', 1008),
(420040, '2020-12-06', 1007),
(420041, '2017-01-05', 1004),
(420042, '2016-04-15', 1010),
(420043, '2016-07-26', 1005),
(420044, '2016-05-25', 1005),
(420045, '2015-12-10', 1007),
(420046, '2016-09-02', 1007),
(420047, '2020-03-13', 1006),
(420048, '2016-08-14', 1002),
(420049, '2020-12-04', 1002),
(420050, '2017-05-20', 1006),
(420051, '2019-08-01', 1008),
(420052, '2020-10-19', 1001),
(420053, '2018-04-11', 1004),
(420054, '2019-03-24', 1009),
(420055, '2015-09-08', 1010),
(420056, '2020-12-17', 1008),
(420057, '2016-07-24', 1010),
(420058, '2019-10-08', 1006),
(420059, '2017-10-28', 1004),
(420060, '2018-05-05', 1001),
(420061, '2015-01-21', 1008),
(420062, '2015-12-20', 1009),
(420063, '2016-03-10', 1008),
(420064, '2015-04-07', 1010),
(420065, '2018-08-23', 1001),
(420066, '2020-06-24', 1002),
(420067, '2016-01-19', 1006),
(420068, '2017-09-10', 1009),
(420069, '2016-09-04', 1010),
(420070, '2016-05-04', 1002),
(420071, '2016-09-05', 1002),
(420072, '2015-03-23', 1005),
(420073, '2019-11-08', 1009),
(420074, '2017-05-16', 1006),
(420075, '2015-04-01', 1002),
(420076, '2018-02-18', 1004),
(420077, '2019-05-09', 1005),
(420078, '2015-04-17', 1003),
(420079, '2020-06-03', 1003),
(420080, '2015-06-04', 1010),
(420081, '2020-05-24', 1002),
(420082, '2016-06-02', 1005),
(420083, '2017-12-20', 1001),
(420084, '2018-06-11', 1003),
(420085, '2015-01-04', 1010),
(420086, '2018-08-25', 1007),
(420087, '2020-10-10', 1002),
(420088, '2020-11-23', 1010),
(420089, '2019-10-11', 1003),
(420090, '2015-04-09', 1008),
(420091, '2017-11-05', 1006),
(420092, '2021-01-07', 1001),
(420093, '2020-04-19', 1006),
(420094, '2017-04-22', 1010),
(420095, '2017-05-05', 1006),
(420096, '2016-09-26', 1006),
(420097, '2021-01-01', 1009),
(420098, '2019-03-14', 1004),
(420099, '2017-09-08', 1007),
(420100, '2016-09-05', 1004),
(420101, '2018-05-12', 1001),
(420102, '2015-04-02', 1003),
(420103, '2016-06-09', 1010),
(420104, '2020-04-13', 1004),
(420105, '2019-05-12', 1001),
(420106, '2019-10-15', 1006),
(420107, '2020-02-12', 1008),
(420108, '2018-10-13', 1010),
(420109, '2017-07-03', 1001),
(420110, '2017-03-09', 1003),
(420111, '2019-09-07', 1009),
(420112, '2015-04-30', 1003),
(420113, '2021-01-30', 1007),
(420114, '2019-08-24', 1003),
(420115, '2018-02-16', 1006),
(420116, '2019-12-15', 1001),
(420117, '2018-01-25', 1010),
(420118, '2020-12-30', 1009),
(420119, '2020-08-25', 1007),
(420120, '2019-04-10', 1004),
(420121, '2019-01-21', 1009),
(420122, '2020-05-08', 1008),
(420123, '2016-07-11', 1004),
(420124, '2019-01-26', 1003),
(420125, '2020-12-27', 1006),
(420126, '2018-06-03', 1008),
(420127, '2020-12-28', 1001),
(420128, '2016-10-03', 1001),
(420129, '2018-02-23', 1007),
(420130, '2018-05-02', 1003),
(420131, '2015-07-06', 1010),
(420132, '2018-05-24', 1004),
(420133, '2016-11-18', 1001),
(420134, '2015-07-27', 1006),
(420135, '2019-04-01', 1001),
(420136, '2016-08-06', 1004),
(420137, '2020-02-01', 1007),
(420138, '2016-05-02', 1003),
(420139, '2020-09-25', 1001),
(420140, '2017-10-16', 1004),
(420141, '2020-04-22', 1003),
(420142, '2020-08-24', 1007),
(420143, '2015-11-29', 1010),
(420144, '2018-02-05', 1008),
(420145, '2017-04-12', 1007),
(420146, '2015-11-19', 1003),
(420147, '2019-03-26', 1007),
(420148, '2016-04-09', 1007),
(420149, '2017-02-26', 1006),
(420150, '2015-08-23', 1001),
(420151, '2019-07-26', 1007),
(420152, '2016-05-20', 1004),
(420153, '2019-04-09', 1009),
(420154, '2015-06-10', 1003),
(420155, '2018-02-04', 1005),
(420156, '2020-07-19', 1004),
(420157, '2020-10-28', 1002),
(420158, '2019-12-15', 1009),
(420159, '2018-01-06', 1003),
(420160, '2016-11-10', 1004),
(420161, '2020-11-25', 1008),
(420162, '2019-11-29', 1002),
(420163, '2018-03-20', 1001),
(420164, '2018-01-28', 1001),
(420165, '2015-03-09', 1006),
(420166, '2017-11-08', 1002),
(420167, '2016-03-14', 1006),
(420168, '2020-02-25', 1002),
(420169, '2020-07-31', 1010),
(420170, '2020-06-04', 1007),
(420171, '2021-01-15', 1008),
(420172, '2018-08-16', 1007),
(420173, '2018-03-13', 1010),
(420174, '2015-11-05', 1008),
(420175, '2015-07-14', 1003),
(420176, '2019-11-19', 1002),
(420177, '2016-12-12', 1009),
(420178, '2015-09-14', 1003),
(420179, '2016-05-30', 1001),
(420180, '2020-08-26', 1005),
(420181, '2019-09-06', 1009),
(420182, '2018-06-22', 1007),
(420183, '2018-05-06', 1007),
(420184, '2019-05-16', 1001),
(420185, '2020-03-04', 1001),
(420186, '2019-03-21', 1010),
(420187, '2017-06-11', 1007),
(420188, '2019-01-24', 1001),
(420189, '2015-10-27', 1010),
(420190, '2015-11-24', 1002),
(420191, '2020-12-10', 1010),
(420192, '2019-07-17', 1004),
(420193, '2016-12-03', 1002),
(420194, '2018-09-24', 1002),
(420195, '2019-06-11', 1009),
(420196, '2019-07-11', 1009),
(420197, '2016-06-06', 1008),
(420198, '2016-10-20', 1003),
(420199, '2020-01-27', 1002),
(420200, '2018-05-04', 1009),
(420201, '2019-09-16', 1001),
(420202, '2018-08-09', 1004),
(420203, '2020-01-01', 1004),
(420204, '2019-12-30', 1005),
(420205, '2019-02-08', 1006),
(420206, '2020-08-18', 1006),
(420207, '2020-11-15', 1004),
(420208, '2017-06-17', 1001),
(420209, '2018-01-22', 1009),
(420210, '2018-09-04', 1001),
(420211, '2015-05-01', 1002),
(420212, '2017-07-05', 1007),
(420213, '2018-04-26', 1003),
(420214, '2020-01-08', 1007),
(420215, '2020-08-15', 1001),
(420216, '2020-12-06', 1008),
(420217, '2015-05-10', 1005),
(420218, '2017-03-03', 1001),
(420219, '2015-01-21', 1006),
(420220, '2016-04-18', 1008),
(420221, '2019-01-20', 1010),
(420222, '2019-04-18', 1005),
(420223, '2018-04-30', 1004),
(420224, '2017-09-29', 1009),
(420225, '2016-02-07', 1008),
(420226, '2016-06-22', 1005),
(420227, '2020-01-06', 1007),
(420228, '2015-01-16', 1010),
(420229, '2018-05-07', 1003),
(420230, '2015-10-31', 1003),
(420231, '2020-12-13', 1005),
(420232, '2018-03-30', 1003),
(420233, '2020-01-15', 1005),
(420234, '2017-06-20', 1006),
(420235, '2018-11-30', 1006),
(420236, '2017-11-11', 1009),
(420237, '2017-02-24', 1003),
(420238, '2015-02-06', 1003),
(420239, '2015-11-04', 1006),
(420240, '2021-01-13', 1006),
(420241, '2017-09-09', 1007),
(420242, '2015-07-18', 1009);

-- --------------------------------------------------------

--
-- Table structure for table `Technician`
--

CREATE TABLE `Technician` (
  `EmployeeID` int(11) NOT NULL,
  `Name` varchar(45) NOT NULL,
  `Title` varchar(45) NOT NULL,
  `Technician_EmployeeID` int(11) DEFAULT NULL
) ENGINE=InnoDB DEFAULT CHARSET=utf8mb4;

--
-- Dumping data for table `Technician`
--

INSERT INTO `Technician` (`EmployeeID`, `Name`, `Title`, `Technician_EmployeeID`) VALUES
(1000, 'Lisandro McAlister', 'Chief Technician', NULL),
(1001, 'Branislav Koole', 'Technician', 1013),
(1002, 'Vitomir Capitani', 'Technician', 1007),
(1003, 'Enitan Mertens', 'Technician', 1008),
(1004, 'Shahzad Miller', 'Technician', 1007),
(1005, 'Lugus Voigts', 'Technician', 1014),
(1006, 'Lacy Cokes', 'Technician', 1014),
(1007, 'Viktor Tupper', 'Supervisor', 1014),
(1008, 'Isidor Boucher', 'Supervisor', 1012),
(1009, 'Polyxene Arbeid', 'Technician', 1007),
(1010, 'Adeline Lincoln', 'Supervisor', 1017),
(1011, 'Andrea Monette', 'Technician', 1007),
(1012, 'Zahide Johnston', 'Supervisor', 1010),
(1013, 'Rosemarie Severijns', 'Supervisor', 1014),
(1014, 'Zulfikar Riber', 'Supervisor', 1000),
(1015, 'Cesare Bartalotti', 'Technician', 1014),
(1016, 'Terese Buday', 'Technician', 1013),
(1017, 'Aneirin Brody', 'Supervisor', 1000),
(1018, 'Hristijan McNeill', 'Technician', 1013),
(1019, 'Gawahir Parrino', 'Technician', 1013);

--
-- Indexes for dumped tables
--

--
-- Indexes for table `Inspection`
--
ALTER TABLE `Inspection`
  ADD PRIMARY KEY (`InspectionID`),
  ADD KEY `fk_Technician_has_Piano_Piano1_idx` (`Piano_SerialNo`),
  ADD KEY `fk_Technician_has_Piano_Technician1_idx` (`Technician_EmployeeID`);

--
-- Indexes for table `Model`
--
ALTER TABLE `Model`
  ADD PRIMARY KEY (`ModelID`);

--
-- Indexes for table `Piano`
--
ALTER TABLE `Piano`
  ADD PRIMARY KEY (`SerialNo`),
  ADD KEY `fk_Piano_Model1_idx` (`Model_ModelID`);

--
-- Indexes for table `Technician`
--
ALTER TABLE `Technician`
  ADD PRIMARY KEY (`EmployeeID`),
  ADD KEY `fk_Technician_Technician_idx` (`Technician_EmployeeID`);

--
-- AUTO_INCREMENT for dumped tables
--

--
-- AUTO_INCREMENT for table `Model`
--
ALTER TABLE `Model`
  MODIFY `ModelID` int(11) NOT NULL AUTO_INCREMENT, AUTO_INCREMENT=1011;
--
-- AUTO_INCREMENT for table `Piano`
--
ALTER TABLE `Piano`
  MODIFY `SerialNo` int(11) NOT NULL AUTO_INCREMENT, AUTO_INCREMENT=420243;
--
-- AUTO_INCREMENT for table `Technician`
--
ALTER TABLE `Technician`
  MODIFY `EmployeeID` int(11) NOT NULL AUTO_INCREMENT, AUTO_INCREMENT=1020;
--
-- Constraints for dumped tables
--

--
-- Constraints for table `Inspection`
--
ALTER TABLE `Inspection`
  ADD CONSTRAINT `fk_Technician_has_Piano_Piano1` FOREIGN KEY (`Piano_SerialNo`) REFERENCES `Piano` (`SerialNo`) ON DELETE NO ACTION ON UPDATE NO ACTION,
  ADD CONSTRAINT `fk_Technician_has_Piano_Technician1` FOREIGN KEY (`Technician_EmployeeID`) REFERENCES `Technician` (`EmployeeID`) ON DELETE NO ACTION ON UPDATE NO ACTION;

--
-- Constraints for table `Piano`
--
ALTER TABLE `Piano`
  ADD CONSTRAINT `fk_Piano_Model1` FOREIGN KEY (`Model_ModelID`) REFERENCES `Model` (`ModelID`) ON DELETE NO ACTION ON UPDATE NO ACTION;

--
-- Constraints for table `Technician`
--
ALTER TABLE `Technician`
  ADD CONSTRAINT `fk_Technician_Technician` FOREIGN KEY (`Technician_EmployeeID`) REFERENCES `Technician` (`EmployeeID`) ON DELETE NO ACTION ON UPDATE NO ACTION;
